{
  "dataset_path": "C:\\Users\\Thiago Guedin\\Desktop\\Projeto_ML\\data\\dataset_grande.csv",
  "target": "target",
  "n_rows": 80000,
  "n_features_raw": 13,
  "numeric_cols": [
    "idade",
    "renda_mensal",
    "score_credito",
    "tempo_emprego_meses",
    "numero_compras_90d",
    "tempo_site_min",
    "taxa_reclamacoes",
    "atraso_pagamento_dias"
  ],
  "categorical_cols": [
    "cidade",
    "canal_aquisicao",
    "plano",
    "segmento",
    "dispositivo"
  ],
  "test_size": 0.2,
  "cv_splits": 5,
  "seed": 42,
  "results": [
    {
      "name": "logreg",
      "cv": {
        "acc": [
          0.73484375,
          0.7334375,
          0.736796875,
          0.73234375,
          0.735625
        ],
        "prec": [
          0.6848499876022812,
          0.6850967579793918,
          0.6890274314214464,
          0.6786676463384766,
          0.6873126873126874
        ],
        "rec": [
          0.5654042988741044,
          0.5580348004094166,
          0.5656090071647901,
          0.5672466734902764,
          0.5634725634725635
        ],
        "f1": [
          0.619421394931599,
          0.615072202166065,
          0.621247892074199,
          0.6179750223015165,
          0.6192619261926192
        ],
        "roc_auc": [
          0.798707117783564,
          0.7955946465484409,
          0.7942928156183502,
          0.7928150364252735,
          0.796175102706179
        ]
      },
      "cv_mean": {
        "acc": 0.734609375,
        "prec": 0.6849909021308566,
        "rec": 0.5639534686822302,
        "f1": 0.6185956875331997,
        "roc_auc": 0.7955169438163615
      },
      "cv_std": {
        "acc": 0.0015733994843967819,
        "prec": 0.0035128017685391137,
        "rec": 0.003192266209604839,
        "f1": 0.0020474388903508967,
        "roc_auc": 0.0019705437916989798
      },
      "test_metrics": {
        "test_accuracy": 0.7344375,
        "test_precision": 0.6844091360476663,
        "test_recall": 0.5643629217163446,
        "test_f1": 0.6186159231666817,
        "test_roc_auc": 0.7965019445228495
      }
    },
    {
      "name": "random_forest",
      "cv": {
        "acc": [
          0.73078125,
          0.727265625,
          0.729921875,
          0.725390625,
          0.729609375
        ],
        "prec": [
          0.6886965643849987,
          0.6846846846846847,
          0.6894904458598726,
          0.6781997918834547,
          0.6903933636606904
        ],
        "rec": [
          0.5375639713408393,
          0.5289662231320369,
          0.5318321392016376,
          0.5336745138178096,
          0.5282555282555282
        ],
        "f1": [
          0.603816969418257,
          0.5968356623166647,
          0.6004853807927887,
          0.597319280559056,
          0.5985384526157058
        ],
        "roc_auc": [
          0.7897532443936374,
          0.7877039631033673,
          0.7826059249019296,
          0.7803100496511359,
          0.7855312864313622
        ]
      },
      "cv_mean": {
        "acc": 0.7285937499999999,
        "prec": 0.6862929700947402,
        "rec": 0.5320584751495704,
        "f1": 0.5993991491404944,
        "roc_auc": 0.7851808936962865
      },
      "cv_std": {
        "acc": 0.00198012586405514,
        "prec": 0.004492225722206799,
        "rec": 0.0033763212190042772,
        "f1": 0.0025430356556227223,
        "roc_auc": 0.0033985476664421393
      },
      "test_metrics": {
        "test_accuracy": 0.727375,
        "test_precision": 0.6838111298482293,
        "test_recall": 0.5312807075008189,
        "test_f1": 0.5979723502304147,
        "test_roc_auc": 0.7858040148601708
      }
    }
  ],
  "best_model": "logreg"
}